#count	mode	opcode	ext	mnemonic	rm
869957578	32	74	-	?	r
593952279	32	8B	-	?	m
461842734	32	75	-	?	r
359440543	32	85	-	?	r
325641220	32	33	-	?	r
263774671	32	C3	-	?	r
247856086	32	F6	/0	?	m
244790732	32	81	/7	?	m
243720377	32	80	/7	?	m
223118655	32	83	/7	?	m
215634165	32	8A	-	?	m
181079291	32	0F 84	-	?	r
180436368	32	FA	-	?	r
178196706	32	0F 85	-	?	r
174865578	32	8B	-	?	r
173791276	32	E8	-	?	r
173788006	32	90	-	?	r
169763416	32	3B	-	?	m
164100492	32	EB	-	?	r
157011743	32	80	/4	?	r
142752323	32	73	-	?	r
138921536	32	22	-	?	r
110814870	16	8B	-	?	m
103613708	16	75	-	?	r
96797040	32	56	-	?	r
95358747	32	5E	-	?	r
93520588	32	FF	/2	?	m
90005680	32	E9	-	?	r
88864416	32	FB	-	?	r
87375400	32	F6	/0	?	r
86925407	16	C3	-	?	r
79749286	16	74	-	?	r
77487113	32	39	-	?	m
75400050	32	8D	-	?	m
73894961	32	85	-	?	m
73633190	32	55	-	?	r
72528587	32	A1	-	?	r
72477624	32	5D	-	?	r
72395251	32	B8	-	?	r
72062324	32	51	-	?	r
71837559	16	89	-	?	r
71821906	32	B9	-	?	r
71545727	32	59	-	?	r
71338135	32	81	/4	?	r
70370314	32	83	/4	?	r
69967378	32	F6	/2	?	r
69664397	32	0C	-	?	r
69585364	16	E8	-	?	r
69338788	32	80	/0	?	r
69330529	32	D0	/2	?	r
69330529	32	D0	/3	?	r
62265892	16	89	-	?	m
59490279	16	8E	-	?	r
54867915	16	31	-	?	r
54294544	16	8C	-	?	r
48894937	16	85	-	?	r
36413892	32	89	-	?	r
33624450	16	3D	-	?	r
32385860	16	0F B7	-	?	r
31083717	16	53	-	?	r
31054155	16	5B	-	?	r
30444003	16	8B	-	?	r
28576770	32	89	-	?	m
25851366	16	8A	-	?	m
25838668	16	81	/7	?	r
25098533	16	8E	-	?	m
23834222	16	50	-	?	r
23677337	16	58	-	?	r
21496651	16	EB	-	?	r
20572112	16	A8	-	?	r
20489496	16	5E	-	?	r
20446646	16	C1	/1	?	r
20404723	16	A3	-	?	r
20307919	16	FA	-	?	r
20213969	16	90	-	?	r
19535521	16	56	-	?	r
19331915	16	57	-	?	r
19306013	16	A1	-	?	r
19229914	16	5F	-	?	r
18731102	16	88	-	?	m
17603860	32	88	-	?	m
17603160	32	49	-	?	r
17410021	16	E9	-	?	r
17168886	16	A2	-	?	r
17165152	16	EC	-	?	r
16967007	16	FC	-	?	r
16830094	16	FF	/2	?	r
16818530	16	B9	-	?	r
16168957	16	83	/7	?	m
16150104	16	FB	-	?	r
15859356	16	33	-	?	r
15366954	16	1E	-	?	r
15195609	16	1F	-	?	r
15011412	16	0B	-	?	r
14385010	16	72	-	?	r
13505063	16	C4	-	?	m
13453407	16	9A	-	?	r
13448544	16	8C	-	?	m
13070477	16	C1	/5	?	r
12917994	16	80	/7	?	m
12915705	16	51	-	?	r
12905945	16	CB	-	?	r
12734767	16	59	-	?	r
12450663	16	80	/7	?	r
12297189	16	39	-	?	m
12269864	16	2B	-	?	m
12203328	16	1B	-	?	m
11321697	16	76	-	?	r
11310392	32	53	-	?	r
11310366	32	5B	-	?	r
11154190	16	8F	/0	?	m
10765501	16	0F 97	/0	?	r
10699360	16	C1	/4	?	r
10091969	16	B8	-	?	r
9964624	32	72	-	?	r
9821256	16	8A	-	?	r
9459818	16	73	-	?	r
9252051	16	5A	-	?	r
9245275	16	8D	-	?	m
9177502	16	F6	/0	?	m
9153462	16	F6	/0	?	r
9118398	16	FF	/6	?	m
9086031	16	F7	/0	?	m
8903508	16	E2	-	?	r
8870210	32	77	-	?	r
8781383	16	0F B6	-	?	r
8761945	16	D3	/5	?	r
8748165	16	0F 31	-	?	r
8748165	16	0F AD	-	?	r
8746505	16	29	-	?	r
8741964	16	0F 9F	/0	?	r
8289895	16	3C	-	?	r
8179228	16	9C	-	?	r
8177649	32	83	/0	?	r
8100230	16	9D	-	?	r
8097571	16	AB	-	?	r
7510028	32	83	/7	?	r
7322471	32	2B	-	?	m
7281189	16	77	-	?	r
7237280	16	07	-	?	r
7095582	16	D1	/4	?	r
6682860	16	B4	-	?	r
6337292	16	0F 84	-	?	r
6251273	16	FE	/1	?	m
6246014	16	52	-	?	r
6185309	16	06	-	?	r
6147138	16	CF	-	?	r
6124502	16	FE	/0	?	m
6072836	16	CD	-	?	r
6023419	32	FF	/6	?	m
5952379	32	E4	-	?	r
5912646	32	0F B6	-	?	m
5912563	32	D3	/5	?	r
5912563	32	0F 31	-	?	r
5912563	32	0F AD	-	?	r
5897306	32	3B	-	?	r
5696822	32	31	-	?	r
5683217	32	9C	-	?	r
5602732	32	9D	-	?	r
5600798	32	57	-	?	r
5539913	16	03	-	?	r
5437808	16	55	-	?	r
5427777	32	50	-	?	r
5396348	32	EE	-	?	r
5353821	16	83	/0	?	r
5313622	16	3B	-	?	r
5313009	32	0F B6	-	?	r
5243947	16	5D	-	?	r
5194139	32	E2	-	?	r
5153805	16	FF	/3	?	m
5093338	16	C5	-	?	m
5053558	32	03	-	?	m
4831352	32	83	/5	?	r
4752161	32	FF	/4	?	m
4742106	16	0B	-	?	m
4664510	16	32	-	?	r
4587277	32	2B	-	?	r
4511369	16	FF	/0	?	m
4444532	32	5F	-	?	r
4437555	32	8A	-	?	r
4353004	16	AA	-	?	r
4315739	32	03	-	?	r
4311944	16	C6	/0	?	m
4292764	16	0A	-	?	r
4250482	16	F7	/6	?	r
4197798	32	0F B7	-	?	r
4197713	32	3C	-	?	r
4139535	16	FF	/2	?	m
4131763	32	0B	-	?	r
4085444	16	D1	/2	?	r
4058949	32	C2	-	?	r
4053526	16	38	-	?	m
4034803	16	BC	-	?	r
4033383	16	93	-	?	r
4030060	16	97	-	?	r
3897369	32	EC	-	?	r
3795644	32	BE	-	?	r
3789502	32	F7	/3	?	r
3752487	32	FF	/0	?	m
3706889	32	ED	-	?	r
3591594	16	3B	-	?	m
3469523	32	C7	/0	?	m
3459207	32	E6	-	?	r
3437549	32	3D	-	?	r
3344260	32	6A	-	?	r
3314149	16	C7	/0	?	m
3298466	32	0F B7	-	?	m
3215770	32	29	-	?	r
3214388	32	0F 9F	/0	?	r
3176975	16	16	-	?	r
3158794	32	86	-	?	r
3107586	16	86	-	?	r
3071270	16	BB	-	?	r
3065922	16	A0	-	?	r
3030919	16	98	-	?	r
3011239	32	87	-	?	m
2998414	32	01	-	?	r
2980339	16	3A	-	?	m
2958295	32	01	-	?	m
2917143	32	13	-	?	m
2897201	32	C1	/5	?	r
2864944	32	76	-	?	r
2725699	16	46	-	?	r
2574754	16	83	/4	?	r
2570632	16	78	-	?	r
2474966	16	2A	-	?	r
2469159	16	83	/5	?	r
2441510	32	48	-	?	r
2416418	32	52	-	?	r
2398390	32	88	-	?	r
2322603	32	F7	/0	?	r
2266842	16	47	-	?	r
2234830	32	C1	/4	?	r
2145469	32	68	-	?	r
2143333	16	40	-	?	r
2139809	16	87	-	?	m
2129551	16	81	/7	?	m
2112360	32	58	-	?	r
2099563	32	21	-	?	r
2099264	32	C6	/0	?	m
2098611	32	A8	-	?	r
2098578	32	0F AF	-	?	m
2098568	32	38	-	?	r
2089529	32	60	-	?	r
2089385	32	61	-	?	r
2050653	16	68	-	?	r
2031161	16	FF	/5	?	m
2024659	16	B2	-	?	r
2020246	16	80	/4	?	m
2019286	16	92	-	?	r
2018098	16	61	-	?	r
2018088	16	60	-	?	r
2016662	16	81	/4	?	m
2016150	16	0F B2	-	?	m
2001704	16	C9	-	?	r
1949868	32	80	/7	?	r
1924022	32	5A	-	?	r
1907350	32	FF	/1	?	m
1802923	16	2C	-	?	r
1776709	32	0F 82	-	?	r
1760852	32	23	-	?	r
1666805	32	FC	-	?	r
1647373	32	81	/7	?	r
1637008	32	A5	-	?	r
1610495	16	01	-	?	m
1517716	16	38	-	?	r
1517440	16	7B	-	?	r
1503847	32	47	-	?	r
1473290	16	0F 85	-	?	r
1416526	16	80	/4	?	r
1398804	16	2B	-	?	r
1383251	16	FF	/1	?	m
1358713	32	46	-	?	r
1356066	16	0F 87	-	?	r
1336518	16	CA	-	?	r
1321731	32	1B	-	?	r
1295294	16	F8	-	?	r
1259603	32	83	/2	?	r
1243554	16	C8	-	?	r
1199238	32	19	-	?	r
1199201	32	B0	-	?	r
1199193	32	78	-	?	r
1199188	32	0F 88	-	?	r
1167423	16	84	-	?	r
1151455	32	80	/1	?	m
1132257	32	80	/4	?	m
1110842	32	41	-	?	r
1103690	32	25	-	?	r
1103093	32	C9	-	?	r
1097915	16	39	-	?	r
1092808	32	E3	-	?	r
1090577	16	BF	-	?	r
1089313	32	84	-	?	r
1085474	32	40	-	?	r
1081453	16	87	-	?	r
1079991	16	83	/7	?	r
1056902	32	F7	/0	?	m
1056640	16	0F 86	-	?	r
1053189	16	13	-	?	r
1043856	32	8E	-	?	r
1042507	16	BA	-	?	r
1040784	16	BE	-	?	r
1037168	16	B0	-	?	r
1035510	16	88	-	?	r
1033060	32	7F	-	?	r
1029174	16	B1	-	?	r
1028787	16	BD	-	?	r
1023903	16	FF	/4	?	m
1022335	16	F9	-	?	r
1019652	16	91	-	?	r
1016795	16	80	/1	?	m
1016214	16	83	/1	?	m
1014138	16	23	-	?	r
1012810	16	83	/4	?	m
1011147	16	F6	/4	?	r
1010125	16	F5	-	?	r
1008857	32	38	-	?	m
1007362	16	F6	/6	?	r
1006661	16	F6	/2	?	r
999406	32	BF	-	?	r
967133	32	24	-	?	r
965364	32	C0	/5	?	r
962734	16	E3	-	?	r
959370	16	A4	-	?	r
912177	32	0A	-	?	m
895946	16	4D	-	?	r
895706	32	1A	-	?	r
880593	32	8F	/0	?	m
875869	16	C0	/1	?	r
844851	32	99	-	?	r
794492	32	7C	-	?	r
788829	16	34	-	?	r
783926	32	33	-	?	m
781803	32	AD	-	?	r
777107	32	02	-	?	r
764247	32	F9	-	?	r
742348	32	43	-	?	r
702712	32	39	-	?	r
702184	16	0F 8F	-	?	r
691931	32	0F 87	-	?	r
691665	16	0F A4	-	?	r
690768	16	7F	-	?	r
678570	32	4A	-	?	r
671513	16	02	-	?	m
670214	32	F7	/4	?	r
669083	16	80	/2	?	r
645876	32	0F 83	-	?	r
643110	16	C2	-	?	r
641767	32	32	-	?	r
637615	32	42	-	?	r
635837	32	F7	/2	?	r
632350	32	29	-	?	m
624505	32	83	/0	?	m
622122	32	0F BE	-	?	r
615086	32	0A	-	?	r
605052	32	2C	-	?	r
601270	32	04	-	?	r
599629	32	09	-	?	r
599626	32	7E	-	?	r
599621	32	F7	/6	?	r
599615	32	05	-	?	r
599603	32	81	/0	?	r
599597	32	81	/5	?	r
599596	32	69	-	?	m
599592	32	A4	-	?	r
599590	32	0F AF	-	?	r
599589	32	6F	-	?	r
591990	32	AC	-	?	r
553173	32	F8	-	?	r
542510	32	0F A9	-	?	r
533988	16	7C	-	?	r
518864	16	80	/5	?	r
505487	32	FF	/2	?	r
496168	32	23	-	?	m
489486	32	BB	-	?	r
481589	32	6B	-	?	r
477571	32	81	/4	?	m
477150	32	0F 86	-	?	r
474868	32	22	-	?	m
473949	32	A2	-	?	r
470545	32	FD	-	?	r
468679	32	09	-	?	m
464930	32	BA	-	?	r
463883	32	0F A8	-	?	r
455325	16	6A	-	?	r
454025	32	AF	-	?	r
453695	16	E4	-	?	r
453571	32	7D	-	?	r
443585	32	0B	-	?	m
443584	32	0F BA	/6	?	m
425332	16	48	-	?	r
418888	16	0E	-	?	r
411468	32	0F A0	-	?	r
411258	32	0D	-	?	r
410997	32	0F A1	-	?	r
402447	32	79	-	?	r
395163	32	83	/5	?	m
393119	16	33	-	?	m
384275	16	24	-	?	r
379375	32	D1	/4	?	m
377974	16	AD	-	?	r
372971	32	83	/4	?	m
368790	32	08	-	?	m
367221	32	F7	/6	?	m
362411	32	D0	/4	?	r
358181	16	11	-	?	m
353884	16	4F	-	?	r
352727	32	A0	-	?	r
338443	16	4A	-	?	r
327817	16	A5	-	?	r
324875	32	FE	/0	?	m
314453	32	C1	/1	?	m
312358	16	05	-	?	r
311646	16	03	-	?	m
309526	32	0F 8F	-	?	r
307130	32	83	/1	?	r
306990	32	FE	/1	?	m
302459	32	A9	-	?	r
301124	32	CF	-	?	r
299796	32	4E	-	?	r
299796	32	F7	/7	?	r
299795	32	6D	-	?	r
297087	32	4F	-	?	r
295309	32	C0	/4	?	r
294662	16	D1	/5	?	r
294499	32	1C	-	?	r
291792	32	A3	-	?	r
289131	32	AB	-	?	r
273358	16	AC	-	?	r
260371	32	80	/5	?	r
259467	32	D1	/2	?	r
257521	16	0F 8D	-	?	r
257130	16	0F 82	-	?	r
254640	32	0F 8C	-	?	r
246894	16	D0	/5	?	r
237679	32	8E	-	?	m
236858	16	31	-	?	m
233912	32	8C	-	?	r
219061	32	D1	/5	?	r
215388	32	3A	-	?	m
215385	32	1E	-	?	r
213455	32	07	-	?	r
212759	32	C1	/1	?	r
208702	32	1F	-	?	r
206226	32	06	-	?	r
205269	32	02	-	?	m
204728	16	81	/0	?	r
198474	32	0F 94	/0	?	r
196495	16	0F AC	-	?	r
194865	16	C1	/0	?	r
194481	32	CB	-	?	r
192933	32	0E	-	?	r
188476	16	79	-	?	r
186127	32	D3	/4	?	r
184215	32	0F 01	/3	?	m
182725	32	0F BA	/4	?	m
179394	32	0F 95	/0	?	r
173892	16	2D	-	?	r
169650	32	8C	-	?	m
163427	16	7D	-	?	r
160864	16	2A	-	?	m
159773	16	D0	/2	?	r
157315	32	E0	-	?	r
153934	32	2A	-	?	r
150444	32	0F BA	/5	?	m
148606	32	3A	-	?	r
145324	16	AE	-	?	r
142898	16	FE	/1	?	r
141128	16	F7	/2	?	r
140126	32	20	-	?	m
138503	32	80	/1	?	r
136682	32	0F BF	-	?	m
136428	16	E6	-	?	r
135246	32	0F AB	-	?	m
135063	32	87	-	?	r
134964	32	D0	/0	?	r
133217	16	E0	-	?	r
131876	16	83	/1	?	r
128274	16	3A	-	?	r
127316	32	AE	-	?	r
125765	16	0F A1	-	?	r
122209	16	25	-	?	r
116592	16	43	-	?	r
114241	32	D1	/1	?	r
113495	16	EA	-	?	r
111732	16	85	-	?	m
111609	16	0F A9	-	?	r
110088	32	83	/1	?	m
109500	16	80	/6	?	r
107740	16	83	/0	?	m
107671	32	83	/2	?	m
105227	32	AA	-	?	r
104594	32	2D	-	?	r
104367	32	C1	/0	?	r
99925	16	D1	/3	?	r
97098	16	01	-	?	r
95405	16	63	-	?	m
95262	16	41	-	?	r
94688	32	0F 8D	-	?	r
92575	32	F5	-	?	r
91907	16	A7	-	?	r
90593	32	0F BA	/6	?	r
78884	32	D1	/4	?	r
76326	32	F4	-	?	r
73528	16	4B	-	?	r
70684	32	21	-	?	m
67604	32	4B	-	?	r
66631	32	81	/1	?	r
63008	32	FE	/1	?	r
61209	16	EE	-	?	r
61140	16	0C	-	?	r
60533	16	0F 01	/4	?	r
60529	16	D1	/5	?	m
59808	32	0F B3	-	?	m
56983	16	A6	-	?	r
56195	16	49	-	?	r
55075	32	45	-	?	r
53933	16	22	-	?	r
49461	32	0F A3	-	?	m
48911	32	D1	/0	?	r
47958	16	83	/2	?	r
45672	32	D0	/1	?	r
43868	16	D7	-	?	r
43836	16	0F BF	-	?	m
42721	16	7E	-	?	r
42695	16	F7	/4	?	r
42321	16	83	/2	?	m
41612	32	A7	-	?	r
40842	16	0F B7	-	?	m
39796	16	0F BF	-	?	r
39459	16	B6	-	?	r
39241	32	13	-	?	r
39079	16	29	-	?	m
38888	32	F7	/4	?	m
37146	32	14	-	?	r
35315	32	A6	-	?	r
35265	32	FE	/0	?	r
34145	32	00	-	?	m
32998	32	0F BF	-	?	r
31743	32	0F 92	/0	?	m
30909	32	B3	-	?	r
29236	32	81	/1	?	m
28842	16	83	/3	?	r
28475	16	81	/0	?	m
27371	16	4E	-	?	r
27224	16	02	-	?	r
27165	32	0F BA	/4	?	r
26970	16	30	-	?	m
26389	32	C1	/7	?	r
26335	16	99	-	?	r
25951	32	69	-	?	r
25824	32	D2	/4	?	r
25132	16	FE	/0	?	r
23938	16	81	/4	?	r
23825	32	D1	/7	?	r
23193	32	91	-	?	r
22254	32	80	/2	?	m
21997	32	0F 22	-	?	r
21920	16	F7	/0	?	r
21819	32	83	/3	?	r
21574	16	86	-	?	m
21282	32	84	-	?	m
21080	32	4D	-	?	r
20926	16	6B	-	?	r
20635	16	04	-	?	r
20610	16	42	-	?	r
20467	16	F7	/3	?	r
20391	32	80	/0	?	m
20312	16	22	-	?	m
20301	16	D0	/1	?	r
19542	32	B4	-	?	r
19473	32	80	/5	?	m
19254	32	0F 00	/0	?	m
19238	32	0F 02	-	?	m
18879	16	D1	/1	?	r
18826	32	C8	-	?	r
18745	16	80	/1	?	r
18615	16	D1	/0	?	r
18326	16	08	-	?	m
18321	32	FF	/4	?	r
18191	16	D3	/4	?	r
18058	32	BD	-	?	r
17043	32	81	/0	?	m
16885	16	D1	/7	?	r
16575	32	0F BC	-	?	r
16373	32	0F 01	/0	?	m
15327	16	D0	/4	?	r
15136	32	FF	/3	?	m
14872	16	F7	/4	?	m
14555	16	0F AF	-	?	r
14470	16	0F A0	-	?	r
14460	16	B3	-	?	r
14303	16	0F 02	-	?	r
13319	32	0F 9D	/0	?	r
13101	32	0F 20	-	?	r
13086	16	A9	-	?	r
11795	32	98	-	?	r
11790	32	0F 92	/0	?	r
11785	32	83	/6	?	r
11331	16	83	/5	?	m
11136	32	0F 8E	-	?	r
10695	32	F6	/4	?	r
10215	32	0F BE	-	?	m
10053	16	80	/0	?	r
9604	32	F7	/5	?	m
9555	16	23	-	?	m
9532	16	C0	/5	?	r
9264	32	2A	-	?	m
8988	32	31	-	?	m
8835	32	32	-	?	m
8552	16	09	-	?	m
8409	32	0F 93	/0	?	r
8335	16	EF	-	?	r
8094	16	D3	/1	?	r
8085	16	45	-	?	r
8056	32	C0	/1	?	r
8000	32	0F 02	-	?	r
7842	32	D1	/3	?	r
7811	32	0F BC	-	?	m
7789	32	86	-	?	m
7581	16	09	-	?	r
7521	16	0F 02	-	?	m
7442	32	93	-	?	r
7044	16	1A	-	?	r
7027	16	F6	/3	?	r
6934	16	0A	-	?	m
6912	32	B1	-	?	r
6795	16	B7	-	?	r
6772	16	80	/0	?	m
6565	32	0F 9C	/0	?	r
6554	16	FD	-	?	r
6437	32	D3	/7	?	r
6358	16	19	-	?	r
6296	16	80	/2	?	m
6251	32	0F 03	-	?	r
6181	16	70	-	?	r
5990	32	B2	-	?	r
5813	32	0F C1	-	?	m
5564	16	1B	-	?	r
5367	16	0F 95	/0	?	r
5122	16	D3	/7	?	r
5087	16	17	-	?	r
4708	16	C1	/7	?	r
4317	16	0F B6	-	?	m
4301	32	0F AB	-	?	r
4233	32	97	-	?	r
4226	32	CD	-	?	r
4178	16	AF	-	?	r
4041	32	B5	-	?	r
4026	16	0F 8C	-	?	r
4010	16	0F 03	-	?	r
3934	32	34	-	?	r
3792	16	0D	-	?	r
3752	32	30	-	?	m
3651	16	0F 83	-	?	r
3618	32	1B	-	?	m
3169	32	80	/3	?	m
3108	16	00	-	?	m
3006	32	0F A4	-	?	r
2940	16	81	/5	?	r
2932	16	12	-	?	r
2758	16	96	-	?	r
2730	32	0F AC	-	?	r
2693	32	92	-	?	r
2648	16	FF	/4	?	r
2536	16	D5	-	?	r
2494	32	D0	/5	?	r
2491	16	F7	/6	?	m
2470	32	EF	-	?	r
2320	16	D2	/1	?	r
2122	16	13	-	?	m
2069	32	35	-	?	r
2043	16	0F 88	-	?	r
2033	16	83	/6	?	r
1808	32	D0	/4	?	m
1719	16	81	/1	?	m
1687	32	C0	/7	?	r
1661	16	6B	-	?	m
1597	16	F7	/7	?	r
1524	32	9F	-	?	r
1497	32	0F B2	-	?	m
1471	16	32	-	?	m
1417	32	12	-	?	r
1411	32	81	/6	?	m
1340	16	0F BA	/6	?	m
1311	16	30	-	?	r
1286	16	0F 80	-	?	r
1241	32	16	-	?	r
1223	16	F7	/5	?	r
1110	16	0F 20	-	?	r
1108	32	E1	-	?	r
1040	16	B5	-	?	r
1027	32	F6	/5	?	r
1005	16	D0	/0	?	r
951	16	9F	-	?	r
943	32	0F B5	-	?	m
920	16	9E	-	?	r
860	16	D0	/3	?	r
851	32	F6	/6	?	r
831	16	D3	/0	?	r
805	16	83	/3	?	m
782	32	D3	/1	?	r
767	16	0F 00	/0	?	m
755	32	81	/6	?	r
743	16	0F 01	/3	?	m
743	16	0F 22	-	?	r
742	32	9E	-	?	r
739	16	0F 01	/0	?	m
689	32	83	/3	?	m
684	32	D3	/4	?	m
682	16	0F 8E	-	?	r
673	16	C0	/0	?	r
637	16	0F 03	-	?	m
601	32	F6	/3	?	r
599	16	84	-	?	m
515	16	D0	/7	?	r
509	32	0F 00	/5	?	r
502	32	C1	/4	?	m
492	32	0F 06	-	?	r
470	16	69	-	?	r
462	32	F7	/7	?	m
433	16	D2	/5	?	r
407	16	81	/1	?	r
393	16	80	/6	?	m
386	32	D1	/5	?	m
372	32	EA	-	?	r
371	16	0F 01	/2	?	m
329	16	F7	/5	?	m
325	32	B7	-	?	r
311	16	0F A8	-	?	r
309	16	0F B3	-	?	m
307	16	0F B4	-	?	m
293	16	0F B5	-	?	m
282	32	0F B4	-	?	m
280	32	9B	-	?	r
278	32	0F A2	-	?	r
274	32	B6	-	?	r
256	32	C0	/5	?	m
237	32	0F 89	-	?	r
229	16	14	-	?	r
225	16	69	-	?	m
217	16	1A	-	?	m
210	16	0F BA	/5	?	r
208	16	0F 89	-	?	r
202	16	80	/3	?	m
202	32	0F BA	/0	?	m
201	32	C4	-	?	m
200	16	C0	/4	?	r
198	32	81	/5	?	m
180	32	C5	-	?	m
165	16	35	-	?	r
162	16	D2	/7	?	r
159	16	C0	/2	?	r
158	32	96	-	?	r
155	16	0F BA	/6	?	r
154	32	CA	-	?	r
153	16	0F 94	/0	?	r
140	16	E1	-	?	r
140	32	DD	/6	?	m
139	32	0F AE	/0	?	m
139	32	0F AE	/1	?	m
131	16	20	-	?	m
120	32	80	/2	?	r
120	16	D2	/1	?	m
119	16	F7	/7	?	m
115	32	C1	/5	?	m
110	32	0F B3	-	?	r
109	32	0F A3	-	?	r
101	16	ED	-	?	r
100	16	F6	/4	?	m
99	32	28	-	?	m
99	16	21	-	?	m
99	32	81	/2	?	r
98	16	81	/6	?	m
97	32	80	/6	?	r
93	32	0F BD	-	?	r
85	32	11	-	?	m
85	32	9A	-	?	r
83	16	71	-	?	r
80	32	0F 98	/0	?	r
68	32	80	/3	?	r
65	16	C1	/2	?	r
58	16	D2	/4	?	r
55	16	6D	-	?	r
51	32	5C	-	?	r
50	32	54	-	?	r
39	32	0F 97	/0	?	r
32	16	D1	/4	?	m
25	16	0F AB	-	?	m
19	16	0F A3	-	?	r
17	32	D0	/2	?	m
15	16	08	-	?	r
15	16	0F 92	/0	?	r
15	16	0F 93	/0	?	r
15	32	83	/6	?	m
13	16	28	-	?	m
13	16	F7	/3	?	m
13	32	D1	/7	?	m
13	32	D3	/7	?	m
12	32	6C	-	?	r
12	32	0F 23	-	?	r
11	16	00	-	?	r
10	32	08	-	?	r
9	16	0F BA	/4	?	r
9	32	0F BA	/5	?	r
8	32	6B	-	?	m
8	32	D1	/2	?	m
6	16	15	-	?	r
6	16	1C	-	?	r
6	16	C1	/5	?	m
6	32	19	-	?	m
6	32	F7	/2	?	m
5	32	30	-	?	r
5	16	63	-	?	r
5	32	DB	/4	?	r
5	32	F7	/5	?	r
4	16	54	-	?	r
4	16	5C	-	?	r
4	16	2F	-	?	r
4	16	81	/5	?	m
4	16	DB	/4	?	r
4	16	0F BA	/5	?	m
4	16	0F BC	-	?	m
4	32	0F 00	/2	?	r
4	16	D0	/1	?	m
3	16	21	-	?	r
3	16	4C	-	?	r
3	16	6C	-	?	r
3	16	6E	-	?	r
3	16	C0	/7	?	r
3	16	19	-	?	m
3	16	0F 00	/5	?	r
3	32	C0	/2	?	r
3	32	D9	/7	?	m
3	32	DD	/0	?	m
3	32	0F 96	/0	?	r
2	32	0F 09	-	?	r
2	32	0F C8	-	?	r
2	16	18	-	?	m
2	16	1D	-	?	r
2	16	82	/0	?	m
2	16	D9	/5	?	r
2	16	D9	/7	?	m
2	16	DC	/1	?	m
2	16	DC	/5	?	m
2	16	DC	/6	?	m
2	16	DD	/0	?	m
2	16	DD	/7	?	m
2	16	DE	/3	?	r
2	16	DF	/4	?	r
2	16	F6	/3	?	m
2	16	F6	/6	?	m
2	16	0F BA	/0	?	m
2	32	BC	-	?	r
2	32	0F 00	/3	?	r
2	32	0F 21	-	?	r
2	32	0F BB	-	?	m
2	16	F6	/7	?	r
2	32	C0	/0	?	r
2	32	D5	-	?	r
2	32	D9	/5	?	r
2	32	D9	/5	?	m
2	32	DC	/1	?	m
2	32	DC	/3	?	m
2	32	DC	/5	?	m
2	32	DC	/6	?	m
2	32	DD	/3	?	m
2	32	DF	/4	?	r
2	32	F6	/7	?	r
2	32	0F 01	/1	?	m
1	16	6F	-	?	r
1	16	C1	/7	?	m
1	16	D2	/0	?	r
1	16	DA	/0	?	m
1	16	DC	/0	?	m
1	16	FF	/7	?	r
1	32	80	/6	?	m
1	32	D3	/0	?	r
1	32	FF	/5	?	m
1	16	0F FF	-	?	r
1	32	81	/3	?	r
1	32	D3	/5	?	m
1	32	D4	-	?	r
1	32	0F 00	/0	?	r
1	32	0F 00	/1	?	r
1	32	0F 9E	/0	?	r
