#count	mode	opcode	ext	mnemonic
#total-instructions	1004351858
#prefix	66	opsize	286143810
#prefix	67	addrsize	20504527
#prefix	26	es	11912492
#prefix	2E	cs	9741350
#prefix	F3	rep	5507073
#prefix	64	fs	2338807
#prefix	3E	ds	80583
#prefix	F2	repnz	35772
#prefix	36	ss	3793
#prefix	F0	lock	79
50755495	32	8B	-	?	m
37370323	16	C3	-	?	r
34918487	32	75	-	?	r
32469467	16	E8	-	?	r
30782988	16	75	-	?	r
29403975	16	89	-	?	r
26907869	16	8B	-	?	m
25816814	16	8E	-	?	r
24608262	32	8B	-	?	r
24422571	16	31	-	?	r
24355313	16	85	-	?	r
19795334	32	89	-	?	m
19541176	16	8C	-	?	r
18479333	32	83	/5	?	r
17547416	16	A1	-	?	r
14753304	16	74	-	?	r
14645962	16	0F B7	-	?	r
14637219	16	3D	-	?	r
13722600	32	85	-	?	r
12467956	32	74	-	?	r
11650523	32	83	/0	?	r
11647434	16	39	-	?	m
11420298	32	03	-	?	r
10762359	16	FA	-	?	r
10734913	16	FB	-	?	r
10013389	16	89	-	?	m
9879336	16	90	-	?	r
9845539	16	53	-	?	r
9845396	16	5B	-	?	r
9759418	16	81	/7	?	r
8334845	32	C1	/5	?	r
8153658	16	EC	-	?	r
7554960	32	81	/4	?	r
7206369	16	A8	-	?	r
7013501	32	8D	-	?	m
6711573	16	0F 85	-	?	r
6651903	32	0F B7	-	?	m
6432778	32	E8	-	?	r
6129076	32	83	/7	?	m
6036261	32	C2	-	?	r
5936745	16	58	-	?	r
5934617	32	56	-	?	r
5886524	16	50	-	?	r
5884924	16	33	-	?	r
5873093	16	73	-	?	r
5832147	16	A3	-	?	r
5832014	16	07	-	?	r
5832000	16	06	-	?	r
5831926	16	0F 82	-	?	r
5625262	32	FF	/6	?	m
5195664	32	33	-	?	r
5052108	32	4A	-	?	r
4993532	16	8A	-	?	m
4989293	16	EB	-	?	r
4971518	16	E9	-	?	r
4962430	16	56	-	?	r
4949584	16	5E	-	?	r
4922273	16	57	-	?	r
4922244	16	5F	-	?	r
4914444	16	88	-	?	m
4905256	16	FC	-	?	r
4905071	16	FF	/2	?	r
4895469	16	76	-	?	r
4881939	16	B9	-	?	r
4877887	16	0F 97	/0	?	r
4872110	16	8D	-	?	m
4857112	16	0F B6	-	?	r
4855178	16	F6	/0	?	r
4855176	16	D3	/5	?	r
4855176	16	0F 31	-	?	r
4855176	16	0F AD	-	?	r
4854418	16	29	-	?	r
4852579	16	0F 9F	/0	?	r
4711959	32	57	-	?	r
4569202	32	5E	-	?	r
4541128	32	3B	-	?	r
4206716	32	53	-	?	r
4178279	32	FF	/0	?	m
4039524	32	83	/7	?	r
3844995	32	39	-	?	m
3723129	32	55	-	?	r
3559003	32	5F	-	?	r
3533174	32	EB	-	?	r
3487705	32	5D	-	?	r
3385193	32	5B	-	?	r
3332576	32	88	-	?	m
3217466	32	0F 85	-	?	r
3164389	32	8A	-	?	m
3022942	32	77	-	?	r
3019787	32	0F B6	-	?	m
2940922	32	72	-	?	r
2933106	32	50	-	?	r
2794116	32	A1	-	?	r
2756003	32	FF	/1	?	m
2717902	32	C7	/0	?	m
2584975	32	0F 84	-	?	r
2580121	32	C3	-	?	r
2414636	32	3D	-	?	r
2328122	16	8B	-	?	r
2312828	32	80	/7	?	m
2291365	32	F6	/0	?	m
2284129	16	83	/0	?	r
2263638	16	55	-	?	r
2263606	16	5D	-	?	r
2258828	16	52	-	?	r
2145767	32	03	-	?	m
2092570	32	83	/0	?	m
2079401	32	FF	/2	?	m
1972685	32	6B	-	?	r
1803285	32	76	-	?	r
1607325	32	83	/4	?	r
1584561	32	2B	-	?	r
1482405	32	6A	-	?	r
1408626	32	3B	-	?	m
1361851	32	0F B7	-	?	r
1228741	32	51	-	?	r
1218704	32	C1	/4	?	r
1178402	32	81	/7	?	r
1107357	32	B8	-	?	r
1093903	32	49	-	?	r
1057114	32	68	-	?	r
1045718	32	73	-	?	r
917762	32	B9	-	?	r
871227	32	FA	-	?	r
864405	32	40	-	?	r
806479	32	52	-	?	r
801844	32	C6	/0	?	m
791656	32	E9	-	?	r
791415	32	84	-	?	r
782402	32	69	-	?	r
765779	32	80	/4	?	r
760483	32	25	-	?	r
683569	32	0F 82	-	?	r
680840	32	38	-	?	m
675620	32	47	-	?	r
660763	32	81	/7	?	m
660274	32	F7	/0	?	m
659110	32	B0	-	?	r
656379	32	F7	/0	?	r
650830	32	D1	/5	?	r
642188	32	A8	-	?	r
631825	32	8A	-	?	r
624143	32	46	-	?	r
614727	32	4E	-	?	r
597737	32	FB	-	?	r
579773	32	7D	-	?	r
553603	32	7F	-	?	r
543508	32	23	-	?	m
541172	32	4B	-	?	r
532257	32	23	-	?	r
529089	32	2B	-	?	m
519877	32	24	-	?	r
504736	32	48	-	?	r
497028	32	01	-	?	m
484767	32	81	/0	?	r
477960	32	2D	-	?	r
476237	32	F6	/0	?	r
453176	32	FF	/4	?	m
416299	32	0B	-	?	r
398943	32	43	-	?	r
398243	32	A5	-	?	r
396937	32	0F 87	-	?	r
380467	32	A0	-	?	r
378550	32	4D	-	?	r
374882	32	0F 86	-	?	r
347179	32	29	-	?	m
346872	32	0F 8C	-	?	r
346043	32	7C	-	?	r
343555	32	3A	-	?	r
325786	32	1B	-	?	r
325749	32	78	-	?	r
309447	32	9C	-	?	r
309033	32	9D	-	?	r
308316	32	0F 8F	-	?	r
283742	32	80	/1	?	m
278482	32	BA	-	?	r
264679	32	0F B6	-	?	r
264023	32	83	/5	?	m
263696	32	0B	-	?	m
262630	32	0F C7	/1	?	m
243370	32	AB	-	?	r
234274	32	7E	-	?	r
231298	32	BB	-	?	r
220875	32	41	-	?	r
215833	32	0F 83	-	?	r
208474	16	E2	-	?	r
198148	32	80	/4	?	m
191120	32	90	-	?	r
187586	32	3C	-	?	r
186572	32	42	-	?	r
184308	32	32	-	?	r
175863	32	F7	/6	?	r
171266	32	0F C1	-	?	m
171166	32	F7	/2	?	r
168949	32	0F BE	-	?	m
165155	32	D3	/4	?	r
160357	32	A9	-	?	r
154851	32	A3	-	?	r
153014	32	0F AF	-	?	r
151228	32	C0	/5	?	r
147832	32	81	/5	?	r
140640	32	33	-	?	m
139447	16	B8	-	?	r
139124	32	D3	/5	?	r
134428	32	0A	-	?	r
133682	32	C9	-	?	r
133250	32	BF	-	?	r
133064	32	C1	/7	?	r
131893	32	F7	/3	?	r
131451	16	E4	-	?	r
130317	32	83	/2	?	r
129454	32	BE	-	?	r
123290	32	0A	-	?	m
117562	16	BE	-	?	r
116544	32	0C	-	?	r
114051	32	02	-	?	m
110484	32	FC	-	?	r
109519	32	09	-	?	m
108519	32	3A	-	?	m
107519	16	8F	/0	?	m
107288	32	05	-	?	r
106723	32	99	-	?	r
106566	16	FF	/6	?	m
106541	16	C7	/0	?	m
105386	16	68	-	?	r
104667	32	0F 8E	-	?	r
104594	32	CF	-	?	r
103837	32	8E	-	?	r
103426	32	39	-	?	r
96221	16	0F 84	-	?	r
94480	32	FE	/0	?	r
89985	32	80	/7	?	r
89095	16	3C	-	?	r
85068	16	8E	-	?	m
84979	32	F7	/7	?	r
83567	32	FF	/2	?	r
79598	16	5A	-	?	r
79547	16	6A	-	?	r
78403	16	0F 20	-	?	r
78286	16	0F 22	-	?	r
76532	32	1A	-	?	r
76399	32	85	-	?	m
71358	32	0F A0	-	?	r
65610	16	3B	-	?	m
65538	16	4F	-	?	r
65302	32	54	-	?	r
64509	32	F6	/3	?	r
61071	32	02	-	?	r
60651	32	CD	-	?	r
60204	16	39	-	?	r
59337	32	F5	-	?	r
59127	32	0F BA	/4	?	m
57451	32	80	/1	?	r
57225	16	8C	-	?	m
55554	32	0F A1	-	?	r
55236	16	0B	-	?	r
53398	32	2A	-	?	m
52289	16	CB	-	?	r
52270	16	0F 01	/3	?	m
50869	32	45	-	?	r
50263	32	D1	/7	?	r
48922	32	0F 8D	-	?	r
48336	16	77	-	?	r
46967	32	C0	/4	?	r
44346	32	38	-	?	r
44273	32	A4	-	?	r
43820	32	A7	-	?	r
43736	16	01	-	?	r
41792	16	BA	-	?	r
39792	32	E6	-	?	r
37754	16	83	/4	?	r
37453	32	21	-	?	m
37278	32	BD	-	?	r
36453	16	41	-	?	r
35279	32	AA	-	?	r
34720	32	83	/1	?	r
34051	32	0F BF	-	?	m
33752	16	83	/5	?	r
33693	32	0D	-	?	r
32974	16	C1	/5	?	r
32484	32	A6	-	?	r
31724	32	4F	-	?	r
31639	32	11	-	?	m
31378	32	81	/4	?	m
31372	32	A2	-	?	r
31313	16	84	-	?	r
31100	32	08	-	?	m
30402	32	0F B1	-	?	m
30282	16	25	-	?	r
28674	32	80	/5	?	m
28102	32	F4	-	?	r
27687	32	00	-	?	m
27569	16	CF	-	?	r
27493	16	1E	-	?	r
27284	32	C1	/5	?	m
27216	32	81	/1	?	r
27109	16	59	-	?	r
26880	16	0D	-	?	r
26785	32	D0	/5	?	r
26590	16	9D	-	?	r
26565	32	D1	/4	?	r
26512	32	79	-	?	r
26362	16	CD	-	?	r
26256	16	EA	-	?	r
26252	16	0F 01	/0	?	m
26135	16	0F 01	/2	?	m
26022	16	BC	-	?	r
26017	16	0F 00	/2	?	r
26017	16	0F A1	-	?	r
26016	16	0F 01	/1	?	m
26016	32	CB	-	?	r
24662	32	81	/0	?	m
22883	16	80	/7	?	m
22369	32	AF	-	?	r
22237	32	32	-	?	m
21534	32	B3	-	?	r
20514	32	13	-	?	m
19986	32	FE	/0	?	m
19931	16	88	-	?	r
19694	32	D1	/5	?	m
18444	16	C1	/4	?	r
17980	32	0F 20	-	?	r
17736	16	80	/7	?	r
17429	32	FE	/1	?	r
17409	16	C4	-	?	m
17309	32	0F BE	-	?	r
17009	32	F7	/4	?	m
16655	16	C6	/0	?	m
16203	32	F7	/6	?	m
15667	32	D2	/4	?	r
15581	16	4A	-	?	r
15552	32	EE	-	?	r
15039	32	B1	-	?	r
14944	32	30	-	?	m
14756	32	31	-	?	m
14604	16	A2	-	?	r
13631	16	72	-	?	r
13482	16	83	/4	?	m
13376	32	AE	-	?	r
13275	16	83	/0	?	m
13244	32	58	-	?	r
12837	16	38	-	?	r
12665	32	34	-	?	r
12625	16	B4	-	?	r
12585	16	83	/1	?	m
12583	16	BD	-	?	r
12583	32	D2	/4	?	m
12062	32	06	-	?	r
12062	32	1E	-	?	r
12062	32	0F A8	-	?	r
11844	32	EC	-	?	r
11666	16	EE	-	?	r
11659	32	C1	/4	?	m
10931	32	0F BF	-	?	r
10213	32	F7	/4	?	r
10164	32	0F 22	-	?	r
9947	16	83	/7	?	m
9676	16	D1	/5	?	r
9667	32	0F AF	-	?	m
9632	16	D1	/3	?	r
8972	32	59	-	?	r
8165	16	83	/5	?	m
7759	32	07	-	?	r
7759	32	1F	-	?	r
7759	32	0F A9	-	?	r
7722	32	D1	/3	?	r
7466	16	FF	/0	?	m
7312	32	C0	/7	?	r
7298	32	2A	-	?	r
7146	32	83	/6	?	r
6696	32	84	-	?	m
6153	32	0F 00	/2	?	r
5832	16	0F AF	-	?	r
5626	32	B2	-	?	r
5577	32	6D	-	?	r
5448	16	78	-	?	r
5376	16	0F B6	-	?	m
5310	16	FF	/1	?	m
5113	32	E3	-	?	r
4896	32	D3	/7	?	r
4796	32	EF	-	?	r
4789	32	0F AD	-	?	r
4607	32	89	-	?	r
4488	32	0F 01	/7	?	m
4288	32	0F A4	-	?	r
4149	32	83	/2	?	m
3991	32	1B	-	?	m
3853	16	0F B7	-	?	m
3788	16	09	-	?	r
3657	32	83	/4	?	m
3652	32	0F 94	/0	?	r
3644	32	13	-	?	r
3616	32	ED	-	?	r
3545	32	D3	/5	?	m
3478	32	0F AC	-	?	r
3445	32	FE	/1	?	m
3421	32	2C	-	?	r
3396	32	D3	/1	?	r
3311	32	04	-	?	r
3299	32	5A	-	?	r
3269	32	D2	/5	?	r
3267	32	0F BD	-	?	r
3259	32	20	-	?	m
3178	32	81	/1	?	m
2894	16	B0	-	?	r
2882	16	83	/7	?	r
2381	16	83	/2	?	m
2169	32	80	/0	?	m
2019	16	83	/1	?	r
1959	16	E6	-	?	r
1959	32	AD	-	?	r
1869	32	28	-	?	m
1844	32	D1	/2	?	r
1839	32	19	-	?	m
1802	16	19	-	?	r
1781	32	83	/3	?	r
1769	32	D3	/4	?	m
1756	16	1F	-	?	r
1748	32	F6	/2	?	r
1720	16	0F AC	-	?	r
1696	32	F7	/3	?	m
1570	32	12	-	?	r
1562	16	49	-	?	r
1548	16	3B	-	?	r
1531	16	3A	-	?	m
1531	16	47	-	?	r
1456	32	29	-	?	r
1454	32	FF	/4	?	r
1402	16	C2	-	?	r
1287	32	D9	/0	?	m
1268	32	8F	/0	?	m
1267	32	21	-	?	r
1232	32	86	-	?	r
1215	32	0F 88	-	?	r
1164	16	EF	-	?	r
1156	16	BB	-	?	r
1088	32	D8	/0	?	m
1044	32	6F	-	?	r
1023	32	22	-	?	r
1006	16	81	/4	?	r
1000	16	51	-	?	r
966	32	8C	-	?	m
932	16	83	/2	?	r
929	16	05	-	?	r
903	32	E4	-	?	r
898	16	BF	-	?	r
879	32	D9	/3	?	m
878	16	86	-	?	r
876	16	FE	/1	?	r
873	16	16	-	?	r
873	16	A4	-	?	r
871	16	7E	-	?	r
864	16	1B	-	?	m
864	16	81	/5	?	r
864	16	0F 88	-	?	r
863	16	02	-	?	m
862	16	C0	/4	?	r
862	16	F7	/0	?	r
861	16	80	/1	?	r
860	16	08	-	?	r
860	16	83	/6	?	r
860	16	0F 92	/0	?	r
860	16	0F 93	/0	?	r
860	16	0F BF	-	?	r
785	16	9C	-	?	r
778	16	A0	-	?	r
756	32	F7	/7	?	m
714	32	9B	-	?	r
694	32	D9	/5	?	m
680	32	0F 80	-	?	r
656	32	E2	-	?	r
635	32	0F 89	-	?	r
626	32	F6	/6	?	r
616	32	D2	/7	?	r
612	32	D8	/1	?	m
570	16	46	-	?	r
537	32	F6	/5	?	r
513	16	4E	-	?	r
507	32	31	-	?	r
490	32	F7	/5	?	r
485	32	B6	-	?	r
485	32	B7	-	?	r
458	32	F7	/2	?	m
455	32	14	-	?	r
421	32	F7	/5	?	m
409	32	DB	/0	?	m
408	32	D8	/6	?	m
405	16	7F	-	?	r
357	16	2C	-	?	r
354	32	D9	/7	?	m
341	32	DF	/4	?	r
340	32	D8	/3	?	m
340	32	DF	/7	?	m
332	32	80	/6	?	r
330	32	81	/5	?	m
330	32	0F 9D	/0	?	r
325	32	0E	-	?	r
320	16	D1	/4	?	r
312	32	92	-	?	r
310	32	22	-	?	m
297	32	80	/6	?	m
286	32	35	-	?	r
281	16	2B	-	?	r
281	32	0F 00	/0	?	m
262	16	40	-	?	r
258	16	D1	/2	?	r
250	16	0E	-	?	r
250	16	99	-	?	r
249	32	80	/0	?	r
245	32	01	-	?	r
245	32	D1	/4	?	m
239	16	F7	/7	?	r
217	32	FD	-	?	r
212	16	81	/7	?	m
192	32	1C	-	?	r
191	32	0F 99	/0	?	r
185	16	0F 95	/0	?	r
177	16	81	/0	?	r
176	16	01	-	?	m
174	32	70	-	?	r
164	16	11	-	?	m
164	16	F6	/0	?	m
146	16	0F 83	-	?	r
145	16	03	-	?	r
145	16	03	-	?	m
136	16	6B	-	?	r
136	32	D8	/7	?	m
136	32	D9	/2	?	m
136	32	DE	/7	?	r
131	32	DC	/0	?	r
128	16	C9	-	?	r
119	16	A5	-	?	r
119	16	F7	/6	?	r
119	16	FF	/4	?	r
119	32	EA	-	?	r
118	16	B2	-	?	r
117	16	D0	/5	?	r
113	16	2A	-	?	r
112	16	0B	-	?	m
110	16	AA	-	?	r
110	32	D2	/5	?	m
100	16	C8	-	?	r
100	32	0F 31	-	?	r
88	32	83	/3	?	m
80	16	F6	/3	?	r
79	16	48	-	?	r
76	16	80	/4	?	r
76	16	8A	-	?	r
74	32	0F 9C	/0	?	r
71	16	80	/3	?	r
70	16	13	-	?	m
70	16	30	-	?	r
68	32	D8	/4	?	r
68	32	D8	/4	?	m
68	32	D8	/5	?	m
68	32	D9	/0	?	r
68	32	DD	/3	?	r
67	32	19	-	?	r
62	16	AB	-	?	r
59	32	80	/5	?	r
58	16	42	-	?	r
58	32	0F 9F	/0	?	r
57	16	87	-	?	r
54	16	C1	/7	?	r
54	32	80	/2	?	r
53	16	81	/0	?	m
53	16	E3	-	?	r
52	16	F7	/6	?	m
48	32	88	-	?	r
42	32	0F 91	/0	?	r
41	16	1B	-	?	r
40	16	13	-	?	r
39	32	09	-	?	r
38	16	F7	/2	?	r
37	16	2A	-	?	m
35	16	00	-	?	m
35	16	24	-	?	r
34	16	19	-	?	m
34	16	29	-	?	m
32	16	2D	-	?	r
32	16	92	-	?	r
32	16	0F 94	/0	?	r
31	16	F7	/3	?	r
31	16	FE	/0	?	r
29	16	32	-	?	r
28	16	23	-	?	r
28	32	0F A3	-	?	r
27	16	AE	-	?	r
27	16	F8	-	?	r
27	32	0F A5	-	?	r
26	16	0A	-	?	r
25	16	04	-	?	r
25	16	FE	/0	?	m
24	16	F7	/4	?	r
23	16	91	-	?	r
23	32	B5	-	?	r
21	16	3A	-	?	r
20	16	93	-	?	r
20	16	D3	/4	?	r
16	16	0A	-	?	m
16	16	0C	-	?	r
16	16	28	-	?	m
16	16	6B	-	?	m
16	16	B1	-	?	r
16	16	C0	/5	?	r
16	32	0F 95	/0	?	r
15	32	0F A2	-	?	r
14	16	C5	-	?	m
13	16	80	/1	?	m
13	32	0F A3	-	?	m
12	16	38	-	?	m
12	16	F7	/4	?	m
12	32	DB	/4	?	r
12	32	0F AB	-	?	m
11	32	DD	/4	?	m
11	32	DD	/6	?	m
10	16	ED	-	?	r
9	16	2B	-	?	m
9	16	43	-	?	r
9	16	B7	-	?	r
9	32	69	-	?	m
8	16	83	/3	?	r
8	16	86	-	?	m
8	16	AC	-	?	r
8	16	B3	-	?	r
8	32	6E	-	?	r
8	32	C0	/1	?	r
8	32	C1	/0	?	r
8	32	D5	-	?	r
7	16	FF	/3	?	m
5	16	4D	-	?	r
5	16	F9	-	?	r
5	16	FF	/2	?	m
5	32	08	-	?	r
5	32	18	-	?	m
4	16	20	-	?	m
4	16	79	-	?	r
4	16	85	-	?	m
4	16	A6	-	?	r
4	16	E0	-	?	r
4	16	0F A3	-	?	r
4	32	0F 01	/1	?	m
3	32	81	/2	?	m
3	32	0F 01	/0	?	m
2	16	21	-	?	r
2	16	4B	-	?	r
2	16	54	-	?	r
2	16	5C	-	?	r
2	16	7D	-	?	r
2	16	80	/6	?	m
2	16	81	/1	?	r
2	16	F7	/3	?	m
2	16	FF	/4	?	m
2	16	0F 86	-	?	r
2	16	0F 87	-	?	r
2	32	81	/6	?	r
2	32	D1	/7	?	m
2	32	0F 01	/2	?	m
2	32	0F 01	/3	?	m
1	16	69	-	?	r
1	16	7C	-	?	r
1	16	80	/4	?	m
1	16	A9	-	?	r
1	16	C0	/1	?	r
1	16	C1	/0	?	r
1	16	D5	-	?	r
1	16	F6	/4	?	r
1	16	F7	/0	?	m
1	16	F7	/7	?	m
1	16	0F 00	/3	?	r
1	16	0F A4	-	?	r
1	16	0F B2	-	?	m
1	16	0F BA	/4	?	r
1	32	83	/1	?	m
1	32	8C	-	?	r
1	32	9E	-	?	r
1	32	B4	-	?	r
1	32	DC	/1	?	m
1	32	DC	/3	?	m
1	32	DC	/7	?	m
1	32	DD	/0	?	m
1	32	DD	/2	?	m
1	32	DD	/7	?	m
1	32	F6	/4	?	r
1	32	0F 00	/1	?	r
1	32	0F 00	/3	?	r
1	32	0F 09	-	?	r
1	32	0F 30	-	?	r
1	32	0F 32	-	?	r
1	32	0F BA	/5	?	m
